Reference	LeftContext	Pivot	RightContext
Alexandre, 21	Quoiqu'il brûle de voir_tout l'univers soumis,	On	ne voit point d'esclave à le rang de ses amis.
Alexandre, 33	charmes, Elle rougit de les fers qu'	on	apporte en ces lieux, Et n'y saurait souffrir de tyrans
Alexandre, 38	rival. De vos propres lauriers souffrez qu'	on	le couronne, Combattez_pour_Porus, Axiane l'ordonne ; Et par de
Alexandre, 44	même étale sa valeur ? Quelque brave qu'	on	soit, si nous la voulons croire, Ce n'est qu'
Alexandre, 57	de le reste de l'armée : Quoi_qu'	on	fasse, lui seul en ravit tout l'éclat, Et comme
Alexandre, 22	. Oui je consens qu'à le ciel	on	élève Alexandre ; Mais si je puis, Seigneur, je l'
Alexandre, 35	son amitié traîne un long esclavage : En_vain	on	prétendrait n'obéir qu'à_demi ; Si l'on n'est son esclave
Alexandre, 35	on prétendrait n'obéir qu'à_demi ; Si	l'on	n'est son esclave, on est son ennemi. TAXILE.
Alexandre, 35	; Si l'on n'est son esclave,	on	est son ennemi. TAXILE. Seigneur, sans se montrer lâche
Alexandre, 37	lâche ni téméraire, Par quelque vain hommage	on	peut le satisfaire. Flattons par de les respects ce prince ambitieux
Alexandre, 84	succomber, Au_moins c'est avec bruit qu'	on	vous verra tomber. La reine vient. Adieu. Vantez -lui
Alexandre, 22	loi, Je souscrirais à le don qu'	on	lui ferait de moi ? Pouvez -vous, sans rougir, m'
Alexandre, 25	, Seigneur, le croyez -vous, qu'	on	me vît balancer ? Sais -je pas que Taxile est une âme
Alexandre, 58	joie. Voyons Éphestion, puisqu'il faut qu'	on	le voie. Mais sans perdre l'espoir de le suivre de_près
Alexandre, 20	les combats. C'est pour vous qu'	on	l'a vu, vainqueur de tant_de princes, D'un cours
Alexandre, 22	l'empêchait de s'approcher de vous.	On	voit en même champ vos drapeaux et les nôtres, De ses
Alexandre, 46	mais je connais Porus. Nos peuples qu'	on	a vus triomphants à sa suite, Repousser les efforts de le
Alexandre, 13	vous être vos ennemis. Nous rendons ce_qu'	on	doit à les illustres exemples, Vous adorez de les dieux qui
Alexandre, 15	ont trouvé de les autels. Mais en_vain	l'on	prétend chez de les peuples si braves, Au_lieu_d'adorateurs, se
Alexandre, 15	puisse toucher, Ils refusent l'encens qu'	on	leur veut arracher. Assez_d'autres États devenus vos conquêtes, De
Alexandre, 35	de votre maître excité la furie ? Vit	-on	jamais chez lui nos peuples en courroux Désoler un pays inconnu parmi
Alexandre, 37	lui d'impuissantes barrières ? Et ne saurait	-on	vivre au_bout_de l'univers, Sans connaître son nom, et le
Alexandre, 44	? Il ne reste que moi, Où	l'on	découvre encor les vestiges d'un roi. Mais c'est pour
Alexandre, 46	de la main de Porus, Et qu'	on	dise partout dans une paix profonde : «   Alexandre vainqueur eût
Alexandre, 51	contre mon maître, Je voudrais seulement qu'	on	vous l'eût fait connaître, Et que la Renommée eût voulu
Alexandre, 2	, à Taxile. Ah ! que dit	-on	de vous, Seigneur ? Nos ennemis Se vantent que Taxile est
Alexandre, 2	. Quoi, Madame, en ces lieux	on	me tient enfermée ? Je ne puis à le combat voir marcher
Alexandre, 14	de les mourants vient presque jusqu'à moi,	On	me parle de paix ? Et le camp de Taxile_Garde dans ce
Alexandre, 15	Taxile_Garde dans ce désordre une assiette tranquille ;	On	flatte ma douleur d'un calme injurieux, Sur de les objets
Alexandre, 15	injurieux, Sur de les objets de joie	on	arrête mes yeux ? CLÉOFILE. Madame, voulez -vous que l'
Alexandre, 24	impatience est un cruel tourment. Et si	l'on	vous croyait, le soin qui vous travaille Vous le ferait chercher
Alexandre, 31	de votre tête, À cet heureux amant	l'on	garde sa conquête. AXIANE. Vous triomphez, Madame, et
Alexandre, 13	ta patrie, Ton indigne courage attend que	l'on	te prie ? Il faut donc malgré toi te traîner à les
Alexandre, 15	L'exemple de Porus, puisqu'il faut qu'	on	t'y porte, Dis-moi, n'était -ce pas une voix
Alexandre, 27	menaces ni chaînes, Alexandre sait mieux ce_qu'	on	doit à de les reines. Souffrez que sa douceur vous oblige
Alexandre, 28	devait moins hasarder ; Et moi-même en aveugle	on	me verrait combattre La sacrilège main qui le voudrait abattre. AXIANE
Alexandre, 31	un ennemi ? Et sur mon propre trône	on	me verrait placée Par le même tyran qui m'en aurait chassée
Alexandre, 38	Persane ? Qu'à la cour d'Alexandre	on	retienne Axiane ? Et qu'avec mon vainqueur courant tout l'univers
Alexandre, 11	. D'abord ce jeune éclat, qu'	on	remarque en ses traits, M'a semblé démentir le nombre de
Alexandre, 26	. TAXILE. Je vais donc... Mais	on	vient. C'est lui-même sans_doute. ALEXANDRE. Allez, Éphestion
Alexandre, 3	. ALEXANDRE. Allez, Éphestion. Que	l'on	cherche Porus, Qu'on épargne sa vie, et le sang
Alexandre, 3	Éphestion. Que l'on cherche Porus, Qu'	on	épargne sa vie, et le sang de les vaincus. ALEXANDRE
Alexandre, 21	Votre âme ne dédaigne une conquête aisée.	On	attend peu_d'amour d'un héros tel que vous. La gloire
Alexandre, 2	nos coups. ALEXANDRE. Hé bien ramène	-on	ce prince téméraire ? ÉPHESTION. On le cherche partout. Mais
Alexandre, 4	ramène -on ce prince téméraire ? ÉPHESTION.	On	le cherche partout. Mais quoi_qu'on puisse faire, Seigneur,
Alexandre, 5	. On le cherche partout. Mais quoi_qu'	on	puisse faire, Seigneur, jusques ici sa fuite ou son trépas
Alexandre, 4	? D'un odieux amant sans_cesse poursuivie,	On	prétend malgré moi m'attacher à la vie. On m'observe
Alexandre, 5	malgré moi m'attacher à la vie.	On	m'observe, on me suit. Mais, Porus, ne
Alexandre, 5	à la vie. On m'observe,	on	me suit. Mais, Porus, ne crois pas Qu'on
Alexandre, 6	Mais, Porus, ne crois pas Qu'	on	me puisse empêcher de courir sur tes pas. Sans_doute à nos
Alexandre, 7	tant_de soldats s'arment pour te poursuivre,	On	te découvrirait à le bruit de tes efforts, Et s'il
Alexandre, 8	l'étais pas Jusqu'à blâmer les pleurs qu'	on	donne à son trépas. Avant_que sur ses bords l'Inde me
Alexandre, 16	, j'ai cherché Porus. Mais quoi_qu'	on	puisse dire, Je ne le cherchais pas afin_de le détruire.
Alexandre, 35	douleur s'arme contre ma gloire. Jamais	on	ne m'a vu dérober la victoire, Et par ces lâches
Alexandre, 35	victoire, Et par ces lâches soins qu'	on	ne peut m'imputer, Tromper mes ennemis au_lieu_de les dompter.
Alexandre, 53	versé qu'un sang si magnanime, Quand	on	ne vous pourrait reprocher que ce crime, Ne vous sentez -vous
Alexandre, 68	Non, Seigneur, je vous hais d'_autant_plus_qu'	on	vous aime, D'_autant_plus_qu'il me faut vous admirer moi-même, Que
Alexandre, 2	roi, Grand monarque de l'Inde,	on	parle ici de toi. On veut en ta faveur combattre ma
Alexandre, 3	Inde, on parle ici de toi.	On	veut en ta faveur combattre ma colère. On dit que tes
Alexandre, 4	veut en ta faveur combattre ma colère.	On	dit que tes désirs n'aspirent qu'à me plaire, Que
Alexandre, 5	rigueurs ne font qu'affermir ton amour.	On	fait plus, et l'on veut que je t'aime à mon
Alexandre, 5	ton amour. On fait plus, et	l'on	veut que je t'aime à mon tour. Mais sais -tu
Alexandre, 7	ta flamme ? Sais -tu par quels secrets	on	peut toucher mon âme ? Es -tu prêt... TAXILE. Ah
Alexandre, 12	Il faut, s'il est vrai que	l'on	m'aime, Aimer la gloire, autant_que je l'aime moi-même
Alexandre, 22	arrête ici ce courage inconstant ? Courez.	On	est à les mains. Et Porus vous attend. TAXILE.
Alexandre, 10	moins que ne fait son malheur. Tant_qu'	on	l'a vu suivi d'une puissante armée, Ses forces,
Alexandre, 19	, peut-être, en marchant contre vous Qu'	on	le crût digne au_moins de tomber sous vos coups, Et qu'
Alexandre, 30	, Bien mieux que tant_d'États, qu'	on	m'a vu conquérir Et que je n'ai gardés que pour
Alexandre, 42	course si belle. Après tant_d'ennemis qu'	on	vous vit relever, Perdez le seul enfin que vous deviez sauver
Alexandre, 51	qu'après l'avoir percé de coups,	On	en triomphe à les yeux de sa soeur et de vous ?
Andromaque, 36	évite. J'entends de tous côtés qu'	on	menace Pyrrhus. Toute la Grèce éclate en murmures confus. On
Andromaque, 38	Toute la Grèce éclate en murmures confus.	On	se plaint qu'oubliant son sang, et sa promesse, Il
Andromaque, 40	son fils fut conduit à le trépas.	On	dit, que peu sensible à les charmes d'Hermione, Mon
Andromaque, 45	tous les Grecs je brigue le suffrage.	On	m'envoie à Pyrrhus. J'entreprends ce voyage. Je viens
Andromaque, 47	entreprends ce voyage. Je viens voir si	l'on	peut arracher de ses bras Cet enfant, dont la vie alarme
Andromaque, 59	de haine   ; Et chaque jour encore	on	lui voit_tout tenter, Pour fléchir sa captive, ou pour l'
Andromaque, 62	rage. Ainsi n'attendez pas, que	l'on	puisse aujourd'hui Vous répondre d'un coeur si_peu maître de lui.
Andromaque, 74	ne fera qu'irriter sa tendresse. Plus	on	les veut brouiller, plus on va les unir. Pressez.
Andromaque, 74	. Plus on les veut brouiller, plus	on	va les unir. Pressez. Demandez tout, pour ne rien
Andromaque, 9	ports nous le verrons descendre, Tel qu'	on	a vu son père embraser nos vaisseaux, Et la flamme à
Andromaque, 16	un enfant   ? Mais à qui prétend	-on	que je le sacrifie   ? La Grèce a -elle encor quelque
Andromaque, 23	de le fruit de leurs exploits   ?	On	craint, qu'avec Hector_Troie un jour ne renaisse   : Son
Andromaque, 30	? Dans le sein de Priam n'a	-on	pu l'immoler   ? Sous tant_de morts, sous Troie il
Andromaque, 41	pas les Troyens, c'est Hector qu'	on	poursuit. Oui, les Grecs sur le fils persécutent le père
Andromaque, 3	? ANDROMAQUE_Je passais jusqu'à les lieux, où	l'on	garde mon fils. Puisqu'une fois le jour vous souffrez que je
Andromaque, 18	le rend criminel   ? Hélas   !	On	ne craint point qu'il venge un jour son père. On
Andromaque, 19	qu'il venge un jour son père.	On	craint qu'il n'essuyât les larmes de sa mère. Il
Andromaque, 37	-il pas eu son cours   ? Peut	-on	haïr sans_cesse   ? Et punit -on toujours   ? J'ai
Andromaque, 38	Peut -on haïr sans_cesse   ? Et punit	-on	toujours   ? J'ai fait de les malheureux, sans_doute,
Andromaque, 65	  ? Je sais que de mes voeux	on	lui promit l'empire. Je sais que pour régner elle vint
Andromaque, 69	de lui plaire   ? Et ne dirait	-on	pas, en voyant à le contraire, Vos charmes tout-puissants,
Andromaque, 62	fils attiré leur colère. Je veux qu'	on	vienne encor lui demander la mère. Rendons -lui les tourments qu'
Andromaque, 79	. Il sait aimer du_moins, et_même sans_qu'	on	l'aime   ; Et peut-être il saura se faire aimer lui-même
Andromaque, 18	Est -ce le sang d'Oreste enfin qu'	on	vous demande   ? Dégagez -vous de les soins dont vous êtes
Andromaque, 65	-lui le prix de sa rébellion. Qu'	on	fasse de l'Épire un second Ilion. Allez. Après cela
Andromaque, 76	L'amour n'est pas un feu qu'	on	renferme en une âme. Tout nous trahit, la voix,
Andromaque, 5	ne condamne plus un courroux légitime, Et	l'on	vous va, Seigneur, livrer votre victime. ORESTE_Seigneur, par
Andromaque, 11	songez cependant où vous êtes. Que croira	-on	de vous à voir ce_que vous faites   ? Dissimulez. Calmez
Andromaque, 53	gémir tout seul. Je suis las qu'	on	me plaigne. Je prétends qu'à mon tour l'inhumaine me
Andromaque, 4	. HERMIONE_On le dit. Et de_plus,	on	vient de m'assurer Que vous ne me cherchiez que pour m'
Andromaque, 14	HERMIONE_Mais que puis -je, Seigneur   ?	On	a promis ma foi. Lui ravirai -je un bien, qu'
Andromaque, 17	. La gloire d'obéir est tout ce_qu'	on	nous laisse. Cependant je partais, et vous avez pu voir
Andromaque, 10	brûlants ont cherché leur asile, Et qu'	on	verrait encor, sans l'appui de son fils, Redemander_Hélène à
Andromaque, 9	le seul qui nous reste, et qu'	on	veut nous l'ôter. Hélas   ! Lorsque lassés de dix
Andromaque, 12	j'ai pu sur lui. Que craint	-on	d'un enfant qui survit à sa perte   ? Laissez -moi
Andromaque, 14	déserte. Sur les soins de sa mère	on	peut s'en assurer, Et mon fils avec moi n'apprendra
Andromaque, 3	. PYRRHUS continue. Madame, demeurez.	On	peut vous rendre encor ce fils que vous pleurez. Oui,
Andromaque, 24	, allons donc voir expirer votre fils.	On	n'attend plus_que vous. Vous frémissez, Madame. ANDROMAQUE_Ah  
Andromaque, 19	Quel plaisir d'élever un enfant, qu'	on	voit croître, Non_plus comme un esclave élevé pour son maître,
Andromaque, 47	S'il le faut, je consens qu'	on	lui parle de moi. Fais -lui valoir l'hymen, où
Andromaque, 59	il ne pourra commander à tes larmes.	On	vient. Cache tes pleurs, Céphise, et souviens -toi Que
Andromaque, 3	paix une si rude attaque, Vous qu'	on	voyait frémir à le seul nom d'Andromaque   ? Vous qui
Andromaque, 3	à vos lois   ? Ne m'a	-on	point flatté d'une fausse espérance   ? Avez -vous en_effet souhaité
Andromaque, 13	ce pays réveillons les misères, Et qu'	on	parle de nous ainsi_que de nos pères. Partons, je suis
Andromaque, 8	qu'il apprenne à l'ingrat, Qu'	on	l'immole à ma haine, et non pas à l'État
Andromaque, 30	. Pleurante après son char vous voulez qu'	on	me voie. Mais, Seigneur, en un jour ce serait
Andromaque, 33	Grecs indignés contre vous   : Que peut	-on	refuser à ces généreux coups   ? PYRRHUS_Madame, je sais trop
Andromaque, 28	temple, il ne s'informe pas Si	l'on	souhaite ailleurs sa vie ou son trépas. Il me laisse,
Andromaque, 37	en secret je m'étais destinée, Avant_qu'	on	eût conclu ce fatal hyménée   ? Je n'ai donc traversé
Andromaque, 31	Qui t'amène en de les lieux où	l'on	fuit ta présence   ? Voilà de ton amour le détestable fruit
Andromaque, 6	devoirs d'une veuve fidèle, Commande qu'	on	le venge, et peut-être sur nous Veut venger Troie encore,
Andromaque, 8	époux. Allons. N'attendons pas que	l'on	nous environne, Nos_Grecs nous rejoindront. Et tandis_qu'Hermione_Tient encore le
Athalie, 54	miséricorde à la fin s'est lassée.	On	ne voit plus pour nous ses redoutables mains, De merveilles sans
Athalie, 42	les lie À ce fils de David qu'	on	leur doit révéler. Mais quelque noble ardeur dont ils puissent brûler
Athalie, 68	rien de criminel. Mais Dieu veut qu'	on	espère en son soin paternel. Il ne recherche point, aveugle
Athalie, 5	trompette sacrée, Et de le Temple bientôt	on	permettra l'entrée. Tandis_que je me vais préparer à marcher,
Athalie, 3	l'univers est plein_de sa magnificence. Qu'	on	l'adore, ce Dieu, qu'on l'invoque à_jamais.
Athalie, 3	on l'adore, ce Dieu, qu'	on	l'invoque à_jamais. Son empire a de les temps précédé la
Athalie, 34	lui-même : Pour tant_de biens il commande qu'	on	l'aime. LE_CHOEUR. Ô justice ! ô bonté suprême !
Athalie, 40	lui-même. Pour tant_de biens il commande qu'	on	l'aime. LE_CHOEUR. Ô divine, ô charmante loi !
Athalie, 21	et les esprits. Une femme... Peut	-on	la nommer sans blasphème ? Une femme... C'était Athalie elle-même
Athalie, 43	Mais les prêtres bientôt nous ont enveloppés.	On	nous a fait sortir. J'ignore tout le reste, Et
Athalie, 55	attiré la colère ? ZACHARIE. Que craint	-on	d'un enfant sans support, et sans père ? JOSABET.
Athalie, 34	couvert d'une robe éclatante, Tels qu'	on	voit de les Hébreux les prêtres revêtus. Sa vue a ranimé
Athalie, 56	grand prêtre. Mais bientôt à ma vue	on	l'a fait disparaître. Voilà quel trouble ici m'oblige à
Athalie, 82	le sang d'un enfant voulez -vous qu'	on	se plonge ? Vous ne savez encor de quel père il est
Athalie, 85	né, Quel il est. MATHAN.	On	le craint, tout est examiné. À d'illustres parents s'
Athalie, 91	les gêner d'un soin embarrassant. Dès_qu'	on	leur est suspect on n'est plus innocent. ABNER. Hé
Athalie, 91	soin embarrassant. Dès_qu'on leur est suspect	on	n'est plus innocent. ABNER. Hé quoi, Mathan ?
Athalie, 106	en faut à_loisir examiner les traits. Qu'	on	les fasse tous deux paraître en ma présence. ABNER. Je
Athalie, 109	ABNER. Je crains... ATHALIE. Manquerait	-on	pour moi de complaisance ? De ce refus bizarre où seraient les
Athalie, 39	père ? JOAS. Je suis, dit	-on	, un orphelin Entre les bras de Dieu jeté dès ma naissance
Athalie, 50	je suis né. ATHALIE. Ne sait	-on	pas au_moins quel pays est le vôtre ? JOAS. Ce Temple
Athalie, 54	point d'autre. ATHALIE. Où dit	-on	que le sort vous a fait rencontrer ? JOAS. Parmi de
Athalie, 60	ne dit point son nom, et qu'	on	n'a point revue. ATHALIE. Mais de vos premiers ans
Athalie, 84	? JOAS. J'adore le Seigneur.	On	m'explique sa Loi. Dans son Livre divin on m'apprend
Athalie, 85	explique sa Loi. Dans son Livre divin	on	m'apprend à la lire, Et déjà de ma main je
Athalie, 96	. Dieu veut -il qu'à toute heure	on	prie, on le contemple ? JOAS. Tout profane exercice est
Athalie, 96	-il qu'à toute heure on prie,	on	le contemple ? JOAS. Tout profane exercice est banni de son
Athalie, 159	nom qu'avec horreur. JOSABET. Peut	-on	de nos malheurs leur dérober l'histoire ? Tous l'univers les
Athalie, 167	votre David traité tous les neveux, Comme	on	traitait d'Achab les restes malheureux ? Où serais -je aujourd'hui,
Athalie, 11	de quelque saint prophète ? UNE_AUTRE. Ainsi	l'on	vit l'aimable Samuel_Croître à l'ombre de le tabernacle. Il
Athalie, 56	? Ce qui reste d'un songe Dont	on	a reconnu l'erreur. À leur réveil, ô réveil plein_d'
Athalie, 3	MATHAN. Jeunes filles, allez. Qu'	on	dise à Josabet_Que_Mathan veut ici lui parler en secret. UNE_DES_FILLES_DU_CHOEUR.
Athalie, 14	elle amené, De ses parents, dit	-on	, rebut infortuné, Eût d'un songe effrayant diminué l'alarme
Athalie, 17	me suis fait instruire, Ai-je dit.	On	commence à vanter ses aïeux. Joad de temps en temps le
Athalie, 37	ministre de le Dieu qu'en ce temple	on	adore, Peut-être que Mathan le servirait encore, Si l'amour
Athalie, 40	de les rois, Et bientôt en oracle	on	érigea ma voix. J'étudiai leur coeur, je flattai leurs
Athalie, 18	Et voilà de sa part la paix qu'	on	nous annonce ! MATHAN. Pourriez -vous un moment douter de l'
Athalie, 26	. De quoi vous plaignez -vous ? Vient	-on	avec furie Arracher de vos bras votre fils Zacharie ? Quel est
Athalie, 32	me confirmer Un bruit sourd, que déjà	l'on	commence à semer. JOSABET. Quel bruit ? MATHAN. Que
Athalie, 41	vérité. De le sort de cet enfant	on	n'a donc nulle trace ? Une profonde nuit enveloppe sa race
Athalie, 8	cet ennemi de Dieu_Vient-il infecter l'air qu'	on	respire en ce lieu ? MATHAN. On reconnaît Joad à cette
Athalie, 10	on respire en ce lieu ? MATHAN.	On	reconnaît Joad à cette violence. Toutefois il devrait montrer plus_de prudence
Athalie, 24	. Avant la fin de le jour...	on	verra qui de nous... Doit... Mais sortons, Nabal.
Athalie, 4	Déjà de sa naissance et de votre dessein	On	commence, Seigneur, à percer le mystère. Peu s'en
Athalie, 13	Tandis_que les méchants délibèrent entre eux, Avant_qu'	on	l'environne, avant_qu'on nous l'arrache, Une seconde fois
Athalie, 13	eux, Avant_qu'on l'environne, avant_qu'	on	nous l'arrache, Une seconde fois souffrez que je le cache
Athalie, 17	sais une secrète issue Par où, sans_qu'	on	le voie, et sans être aperçue, De_Cédron avec lui traversant
Athalie, 21	. Faisons de ce trésor Jéhu dépositaire.	On	peut dans ses États le conduire aujourd'hui, Et le chemin est
Athalie, 31	soin et toute prévoyance ? Ne l'offense	-on	point par_trop de confiance ? À ses desseins sacrés employant les humains
Athalie, 54	rois sont rejetés. Dieu ne veut plus_qu'	on	vienne à ses solennités. Temple, renverse -toi, cèdres,
Athalie, 81	le Dieu qui l'avait protégé. Peut	-on	les employer pour un plus noble usage ? Venez, je veux
Athalie, 3	, Les parfums, et les sacrifices Qu'	on	devait en ce jour offrir sur tes autels ? UNE_FILLE_DU_CHOEUR. Quel
Athalie, 6	timides ! Qui l'eût crû, qu'	on	dût voir jamais Les glaives meurtriers, les lances homicides Briller dans
Athalie, 11	. Hélas ! dans une cour, où	l'on	n'a d'autres lois Que la force et la violence,
Athalie, 13	dans ce désordre extrême, Pour qui prépare	-on	le sacré diadème ? SALOMITH. Le Seigneur a daigné parler,
Athalie, 21	de biens sont prédits tour_à_tour ! Comment peut	-on	avec tant_de colère, Accorder tant_d'amour ? UNE_VOIX, seule.
Athalie, 6	? JOAS. Qu'est -ce donc qu'	on	prépare ? JOAD. Il est juste, mon fils, que
Athalie, 16	de lui donner ma vie. JOAD.	On	vous a lu souvent l'histoire de nos rois. Vous souvient
Athalie, 2	UN_LÉVITE. J'ignore contre Dieu quel projet	on	médite. Mais l'airain menaçant frémit de_toutes_parts. On voit luire
Athalie, 4	. Mais l'airain menaçant frémit de_toutes_parts.	On	voit luire de les feux parmi de les étendards. Et sans_doute
Athalie, 14	racheté de le tombeau ! Ma soeur,	on	voit encor la marque de le couteau. On voit paraître aussi
Athalie, 15	voit encor la marque de le couteau.	On	voit paraître aussi sa fidèle nourrice, Qui cachée en un coin
Athalie, 27	en un lieu souterrain par nos pères creusé	On	renfermât du_moins notre Arche précieuse. Ô crainte, a dit mon
Athalie, 4	conduire au_travers_d'un camp qui nous assiège ?	On	disait que d'Achab la fille sacrilège Avait, pour assurer ses
Athalie, 10	rois. JOAD. Par quel miracle a	-on	obtenu votre grâce ? ABNER. Dieu dans ce coeur cruel sait
Athalie, 16	conditions peuvent se racheter : Qu'avec Éliacin	on	mette en ma puissance Un trésor, dont je sais qu'ils
Athalie, 19	conseil, cher Abner, croyez -vous qu'	on	doit suivre ? ABNER. Et tout l'or de David,
Athalie, 39	lieu sur la terre où Dieu veut qu'	on	l'adore ? Que feriez -vous de_plus, si de les rois
Athalie, 50	, Quelque dure que soit la loi qu'	on	vous impose, De ce coup imprévu songeons à nous parer.
Athalie, 2	JOAD. Grand_Dieu, voici ton heure,	on	t'amène ta proie. Ismaël, écoutez. Il lui parle
Athalie, 16	. Je vois que de le saint temple	on	referme la porte. Tout est en sûreté. ATHALIE à Joad
Athalie, 6	, Te... Mais de le prix qu'	on	m'offre il faut me contenter. Ce_que tu m'as promis
Athalie, 8	, ce trésor, qu'il faut qu'	on	me remette, Où sont -ils ? JOAD. Sur le champ
Athalie, 33	le fond de le théâtre s'ouvre.	On	voit le dedans de le Temple, et les lévites armés sortent
Athalie, 59	voix tout mon camp qui m'appelle.	On	vient à mon secours. Tremblez, troupe rebelle. ISMAËL,
Athalie, 14	la sainte cité. De son temple profane	on	a brisé les portes. Mathan est égorgé. ATHALIE. Dieu
Athalie, 26	; Et que pour signaler son empire nouveau	On	lui fasse en mon sein enfoncer le couteau. Voici ce_qu'en
Athalie, 29	son aïeul, à son père semblable,	On	verra de David l'héritier détestable Abolir tes honneurs, profaner ton
Athalie, 33	, Qu'à la fureur de le glaive	on	le livre avec elle. JOAS. Dieu, qui voyez mon
Athalie, 8	. Hé bien ? de cette impie a	-on	puni l'audace ? UN_LÉVITE. Le fer a de sa vie
Bajazet, 4	entendre. OSMIN_Et depuis quand Seigneur, entre	-on	dans ces lieux, Dont l'accès était même interdit à nos
Bajazet, 43	Tout le camp interdit tremblait pour Bajazet.	On	craignait qu'Amurat par un ordre sévère N'envoyât demander la tête
Bajazet, 68	leurs États et remplissent sa cour ? Car	on	dit qu'elle seule a fixé son amour. Et_même il a
Bajazet, 75	Indigne également de vivre et de mourir,	On	l'abandonne à les mains qui daignent le nourrir. L'autre
Bajazet, 127	une esclave me guide, Et... Mais	on	vient. C'est elle, et sa chère Atalide. Demeure
Bajazet, 5	le hasard. Ce combat doit, dit	-on	, fixer nos destinées. Et_même, si d'Osmin je compte
Bajazet, 17	me consoler L'ingrat ne parle pas comme	on	le fait parler ? Vingt fois sur vos discours pleine de confiance
Bajazet, 31	et seul jusqu'à ce jour A voulu que	l'on	dut ce titre à son amour. J'en reçus la puissance
Bajazet, 54	sur sa foi. Penses -tu mériter qu'	on	se perde pour toi ? Peut-être Bajazet secondant ton envie, Plus_que
Bajazet, 103	seras satisfait. Hola, gardes, qu'	on	vienne. ROXANE_Acomat, c'en est fait. Vous pouvez retourner
Bajazet, 7	Acomat, ne vous éloignez pas. Peut-être	on	vous fera revenir sur vos pas. BAJAZET_Hé bien ! C'est
Bajazet, 69	fut pas prête à me déceler ? Mais	on	me présentait votre perte prochaine. Pourquoi faut -il, ingrat,
Bajazet, 10	cette nouvelle alarme ? ATALIDE_Et ne t'a	-on	point dit, Zaïre, par quel charme, Ou pour mieux
Bajazet, 38	je veux savoir... ZAÏRE_Modérez-vous de grâce.	On	vient vous informer de tout ce qui se passe. C'est
Bajazet, 5	vous renouvelle Le souvenir de le prix qu'	on	promit à mon zèle. N'attendez point de moi ces doux
Bajazet, 13	dire_vrai ce miracle m'étonne. Et dit	-on	à quel prix Roxane lui pardonne ? L'épouse -il enfin ?
Bajazet, 23	faire remarquer La joie et les transports qu'	on	vient de m'expliquer. Toi-même juge -nous, et vois si
Bajazet, 32	Mais qui vient me parler ? Que veut	-on	? ZATIME_Pardonnez si j'ose vous troubler. Mais, Madame,
Bajazet, 12	sultan inquiet Une seconde fois condamne Bajazet.	On	ne peut sur ses jours sans moi rien entreprendre. Tout m'
Bajazet, 21	vizir me presse. Il faut prendre_parti,	l'on	m'attend. Faisons mieux. Sur tout ce_que j'ai vu
Bajazet, 25	meure. Vengeons -nous. Courez. Qu'	on	le saisisse. Que la main de les muets s'arme pour
Bajazet, 31	, Aux mains de ces cruels mérite qu'	on	le livre. Mais tout ingrat qu'il est, croyez -vous
Bajazet, 21	, ou meurt en ce moment. Cependant	on	m'arrête, on me tient enfermée. On ouvre. De
Bajazet, 21	ce moment. Cependant on m'arrête,	on	me tient enfermée. On ouvre. De son sort je vais
Bajazet, 22	m'arrête, on me tient enfermée.	On	ouvre. De son sort je vais être informée. ROXANE_Retirez-vous.
Bajazet, 3	et ne répliquez pas. Gardes, qu'	on	la retienne. ROXANE_Oui, tout est pret, Zatime. Orcan
Bérénice, 53	voix publique, S'il est vrai qu'	on	l'élève à le trône de les Césars, Si_Titus a parlé
Bérénice, 55	m'applaudit en secret, Je vois que	l'on	m'écoute avec moins_de regret, Et que trop attentive à ce
Bérénice, 20	sa victoire. Tous ces yeux, qu'	on	voyait venir de_toutes_parts Confondre sur lui seul leurs avides regards ; Ce
Bérénice, 23	assuraient de leur foi ! Parle. Peut	-on	le voir sans penser comme moi, Qu'en quelque obscurité que
Bérénice, 4	ordres, Seigneur, j'ai dit qu'	on	l'avertisse. TITUS_Il suffit. Et que fait la reine Bérénice
Bérénice, 14	. Vous la plaignez ? TITUS_Paulin, qu'	on	vous laisse avec moi. TITUS_Hé bien, de mes desseins Rome
Bérénice, 7	Seigneur, et ses beautés. TITUS_Que dit	-on	de les soupirs que je pousse pour elle ? Quel succès attend
Bérénice, 8	je pousse pour elle ? Quel succès attend	-on	d'un amour si fidèle ? PAULIN_Vous pouvez tout. Aimez,
Bérénice, 25	ne l'attend point pour son impératrice.	On	sait qu'elle est charmante. Et de si belles mains Semblent
Bérénice, 27	les humains. Elle a même, dit	-on	, le coeur d'une Romaine. Elle a mille vertus.
Bérénice, 43	votre réponse. TITUS_Hélas ! À quel amour	on	veut que je renonce ! PAULIN_Cet amour est ardent, il le
Bérénice, 90	J'entrepris le bonheur de mille malheureux.	On	vit de_toutes_parts mes bontés se répandre ; Heureux ! Et plus heureux
Bérénice, 40	(ce souvenir me fait frémir encore)	On	voulait m'arracher de tout ce_que j'adore, Moi, dont
Bérénice, 40	, Moi, qui mourrais le jour qu'	on	voudrait m'interdire De vous... TITUS_Madame, hélas ! Que me
Bérénice, 10	ce triste jour, Plus je vois qu'	on	me peut reprocher trop d'amour. Mais tu nous entendais.
Bérénice, 28	peut-être offensé. Il attend, m'a	-on	dit, le roi de Comagène. Ne cherchons point ailleurs le
Bérénice, 3	avec Bérénice. Loin de vous la ravir	on	va vous la livrer. ANTIOCHUS_Arsace, laisse -moi le temps de
Bérénice, 42	sans_cesse ? Jamais dans un grand coeur vit	-on	plus_de faiblesse ? Ouvrez les yeux, Seigneur, et songeons entre
Bérénice, 52	doux. Que tardons -nous ? Faisons ce_qu'	on	attend de nous, Entrons chez Bérénice ; et puisqu'on nous l'
Bérénice, 57	aimable Bérénice entendrait de ma bouche, Qu'	on	l'abandonne ! Ah Reine ! Et qui l'aurait pensé,
Bérénice, 60	va de sa gloire. Contre son innocence	on	veut me prévenir. Ce piège n'est tendu que pour nous
Bérénice, 30	cruelle, Que de longtemps, Arsace,	on	ne nous parle d'elle. Toutefois il nous reste encore assez_de
Bérénice, 4	voir. Je veux un_peu_de solitude. Que	l'on	me laisse. PAULIN_Ô ciel ! Que je crains ce combat !
Bérénice, 28	? Ne donne point un coeur, qu'	on	ne peut recevoir. Ne l'avez -vous reçu, cruel,
Bérénice, 55	vous-même Combien ce mot cruel est affreux quand	on	aime ? Dans un mois, dans un an, comment souffrirons
Bérénice, 8	N'avez -vous pas Ordonné dès tantôt qu'	on	observe ses pas ? Ses femmes à toute heure autour_d'elle empressées
Bérénice, 6	seul vous lui pouvez arracher cette envie.	On	vous nomme, et ce nom la rappelle à la vie.
Bérénice, 2	TITUS, en entrant. Demeurez, qu'	on	ne me suive pas. Enfin, Prince, je viens dégager
Bérénice, 63	ne restera plus_qu'un triste souvenir ? Qu'	on	cherche Antiochus, qu'on le fasse venir. Bérénice se laisse
Bérénice, 63	souvenir ? Qu'on cherche Antiochus, qu'	on	le fasse venir. Bérénice se laisse tomber sur un siège.
Bérénice, 24	. Vous êtes revenu. Vous aimez,	on	vous aime ; Vous vous êtes rendu, je n'en ai
Bérénice, 44	, Seigneur, et je puis dire Qu'	on	ne l'a jamais vu soupirer pour l'empire. La grandeur
Bérénice, 65	l'histoire douloureuse. Tout est prêt.	On	m'attend. Ne suivez point mes pas. À Titus.
Britannicus, 72	aussi saint que le sien. À_peine parle	-on	de la triste Octavie. Auguste votre aïeul honora moins Livie.
Britannicus, 74	devant sa mère a permis le premier Qu'	on	portât les faisceaux couronnés de laurier. Quels effets voulez -vous de
Britannicus, 88	L'ombre seule m'en reste, et	l'on	n'implore plus_Que le nom de Sénèque, et l'appui de
Britannicus, 95	. En public, à mon heure,	on	me donne_audience. Sa réponse est dictée, et_même son silence.
Britannicus, 100	profite. J'entends de le bruit,	on	ouvre, allons subitement Lui demander raison de cet enlèvement. Surprenons
Britannicus, 45	ignorance il le fallait instruire, N'avait	-on	que Sénèque, et moi pour le séduire ? Pourquoi de sa
Britannicus, 48	Claudius en esclaves fertile, Pour deux que	l'on	cherchait en eût présenté mille, Qui tous auraient brigué l'honneur
Britannicus, 51	De quoi vous plaignez -vous, Madame ?	On	vous révère. Ainsi_que par César, on jure par sa mère
Britannicus, 52	On vous révère. Ainsi_que par César,	on	jure par sa mère. L'empereur, il est vrai,
Britannicus, 83	qu'il ne serait pas juste, Qu'	on	disposât sans lui de la nièce d'Auguste. AGRIPPINE. Je
Britannicus, 100	de lui ? Sur le moindre discours qu'	on	pourra vous redire, Serez-vous toujours prête à partager l'empire ?
Britannicus, 13	ce nouveau spectacle auront été surpris ! Enfin	on	me l'enlève. Une loi trop sévère Va séparer deux coeurs
Britannicus, 15	deux coeurs qu'assemblait leur misère. Sans_doute	on	ne veut pas que mêlant nos douleurs Nous nous aidions l'un
Britannicus, 12	palais retentit en_vain de vos regrets. Tandis_qu'	on	vous verra d'une voix suppliante, Semer ici la plainte,
Britannicus, 22	? Quoi_qu'il en soit, Narcisse,	on	me vend tous les jours. Il prévoit mes desseins, il
Britannicus, 32	d'un grand coeur la dernière science.	On	le trompe longtemps. Mais enfin, je te crois. Ou
Britannicus, 10	Narcisse, approchez. Et vous, qu'	on	se retire. NARCISSE. Grâces à les dieux, Seigneur,
Britannicus, 21	dans le simple appareil D'une beauté qu'	on	vient d'arracher à le sommeil. Que veux -tu ? Je
Britannicus, 36	? NARCISSE. Quoi, Seigneur ! Croira	-on	Qu'elle ait pu si longtemps se cacher à Néron ? NÉRON
Britannicus, 67	, d'un coeur déjà charmé Commandez qu'	on	vous aime, et vous serez aimé. NÉRON. À combien_de
Britannicus, 79	divorce, Me soulageait d'un joug qu'	on	m'imposa par force. Le ciel même en secret semble la
Britannicus, 122	stratagème. Dis -lui qu'en sa faveur	on	me trompe moi-même. Qu'il la voit sans mon ordre.
Britannicus, 124	Qu'il la voit sans mon ordre.	On	ouvre, la voici. Va retrouver ton maître et l'amener
Britannicus, 25	-vous sans pitié relégué dans ma cour ?	On	dit plus : vous souffrez sans en être offensée Qu'il vous
Britannicus, 31	? Quoi, déjà votre amour souffre qu'	on	le captive ? Qu'est devenu ce coeur qui me jurait toujours
Britannicus, 9	le tourmenter, Et tandis_qu'à mes yeux	on	le pleure, on l'adore, Fais-lui payer bien cher un
Britannicus, 9	tandis_qu'à mes yeux on le pleure,	on	l'adore, Fais-lui payer bien cher un bonheur qu'il ignore
Britannicus, 25	, quelque amour qui semble vous charmer,	On	n'aime point, Seigneur, si l'on ne veut aimer.
Britannicus, 25	On n'aime point, Seigneur, si	l'on	ne veut aimer. NÉRON. Je vous croirai, Burrhus,
Britannicus, 4	vous vous signalez par d'illustres leçons.	On	exile Pallas, dont le crime peut-être Est d'avoir à l'
Britannicus, 8	. Que dis -je ? À son épouse	on	donne une rivale. On affranchit Néron de la foi conjugale.
Britannicus, 9	À son épouse on donne une rivale.	On	affranchit Néron de la foi conjugale. Digne emploi d'un ministre
Britannicus, 13	. L'empereur n'a rien fait qu'	on	ne puisse excuser. N'imputez qu'à Pallas un exil nécessaire
Britannicus, 16	sans ressource. De les larmes d'Octavie	on	peut tarir la source. Mais calmez vos transports. Par un
Britannicus, 22	rendront plus farouche. AGRIPPINE. Ah !	L'on	s'efforce en_vain de me fermer la bouche. Je vois que
Britannicus, 27	faire à mon exemple expier leur erreur.	On	verra d'un côté le fils d'un empereur, Redemandant la
Britannicus, 27	la foi jurée à sa famille, Et_de_Germanicus	on	entendra la fille ; De l'autre l'on verra le fils d'
Britannicus, 27	on entendra la fille ; De l'autre	l'on	verra le fils d'Enobarbus, Appuyé_de_Sénèque, et de le tribun
Britannicus, 28	. De nos crimes communs je veux qu'	on	soit instruit. On saura les chemins par où je l'ai
Britannicus, 29	communs je veux qu'on soit instruit.	On	saura les chemins par où je l'ai conduit. Pour rendre
Britannicus, 12	. Quoi tu ne vois donc pas jusqu'où	l'on	me ravale, Albine ? C'est à moi qu'on donne
Britannicus, 13	, Albine ? C'est à moi qu'	on	donne une rivale. Bientôt si je ne romps ce funeste lien
Britannicus, 19	de ses regards. Que dis -je ?	L'on	m'évite et déjà délaissée... Ah je ne puis, Albine
Britannicus, 6	vous êtes toujours sensible à son injure,	On	peut dans son devoir ramener le parjure. La moitié de le
Britannicus, 42	Quel tourment de se taire en voyant ce_qu'	on	aime ! De l'entendre gémir, de l'affliger soi-même,
Britannicus, 43	l'affliger soi-même, Lorsque par un regard	on	peut le consoler   ! Mais quels pleurs ce regard aurait -il
Britannicus, 8	qui ne vous avertisse Qu'il faut qu'	on	me respecte, et que l'on m'obéisse ? BRITANNICUS. Ils
Britannicus, 8	faut qu'on me respecte, et que	l'on	m'obéisse ? BRITANNICUS. Ils ne nous ont pas vu l'_un_et_l'_autre
Britannicus, 13	laisser conduire, Vous êtes jeune encore et	l'on	peut vous instruire. BRITANNICUS. Et qui m'en instruira ?
Britannicus, 24	yeux. Imitez son respect. BRITANNICUS.	On	sait ce_qu'elle en pense. NÉRON. Elle se tait du_moins
Britannicus, 34	. Heureux ou malheureux, il suffit qu'	on	me craigne. BRITANNICUS. Je connais mal Junie, ou de_tels
Britannicus, 66	. Dans son appartement, gardes, qu'	on	la ramène. Gardez Britannicus dans celui de sa soeur. BRITANNICUS
Britannicus, 7	pour faire jouer ce ressort odieux. Qu'	on	sache si ma mère est encore en ces lieux. Burrhus,
Britannicus, 8	Burrhus, dans ce palais je veux qu'	on	la retienne, Et qu'au_lieu_de sa garde, on lui donne
Britannicus, 8	retienne, Et qu'au_lieu_de sa garde,	on	lui donne la mienne. BURRHUS. Quoi, Seigneur ? Sans
Britannicus, 12	s'empresse. C'est son appui qu'	on	cherche, en cherchant votre appui. Mais voici l'empereur.
Britannicus, 15	Mais voici l'empereur. AGRIPPINE. Qu'	on	me laisse avec lui. AGRIPPINE, s'asseyant. Approchez -vous
Britannicus, 3	, Néron, et prenez votre place.	On	veut sur vos soupçons que je vous satisfasse. J'ignore de
Britannicus, 4	vous satisfasse. J'ignore de quel crime	on	a pu me noircir. De tous ceux que j'ai faits
Britannicus, 24	ma suite Ceux à qui je voulais qu'	on	livrât sa conduite. J'eus soin de vous nommer, par
Britannicus, 40	Ayant de votre empire affermi la puissance,	On	vit Claude, et le peuple étonné de son sort, Apprit
Britannicus, 65	malgré moi, j'assure mon repos,	On	vous voit de colère, et de haine animée. Vous voulez
Britannicus, 75	attendre ? Ah ! Si sous votre empire	on	ne m'épargne pas, Si mes accusateurs observent tous mes pas
Britannicus, 89	donc, prononcez, que voulez -vous qu'	on	fasse ? AGRIPPINE. De mes accusateurs qu'on punisse l'audace
Britannicus, 91	fasse ? AGRIPPINE. De mes accusateurs qu'	on	punisse l'audace, Que_de_Britannicus on calme le courroux, Que_Junie à
Britannicus, 91	accusateurs qu'on punisse l'audace, Que_de_Britannicus	on	calme le courroux, Que_Junie à son choix puisse prendre un époux
Britannicus, 96	joie à mon frère. Gardes, qu'	on	obéisse à les ordres de ma mère. BURRHUS. Que cette
Britannicus, 33	est -il las de régner ? Que dira	-on	de vous ? Quelle est votre pensée ? NÉRON. Quoi toujours
Britannicus, 54	«   Partout, en ce moment,	on	me bénit, on m'aime. On ne voit point le
Britannicus, 54	en ce moment, on me bénit,	on	m'aime. On ne voit point le peuple à mon nom
Britannicus, 55	on me bénit, on m'aime.	On	ne voit point le peuple à mon nom s'alarmer, Le
Britannicus, 60	m'épargnera la vue et la douleur.	On	ne me verra point survivre à votre gloire. Si vous allez
Britannicus, 70	il ne vous hait pas, Seigneur,	on	le trahit, je sais son innocence, Je vous réponds pour
Britannicus, 11	défend... NÉRON. Oui, Narcisse,	on	nous réconcilie. NARCISSE. Je me garderai bien de vous en
Britannicus, 21	ce_que vous n'osez faire. NÉRON.	On	répond de son coeur, et je vaincrai le mien. NARCISSE
Britannicus, 40	ce grand éclat, à ce courroux funeste	On	verrait succéder un silence modeste, Que vous-même à la paix souscririez
Britannicus, 56	votre règne. Ils croiront en_effet mériter qu'	on	les craigne. À le joug depuis_longtemps ils se font façonnés.
Britannicus, 77	dit, il ne fait, que ce_qu'	on	lui prescrit. Burrhus conduit son coeur, Sénèque son esprit.
Britannicus, 79	réciter de les chants qu'il veut qu'	on	idolâtre, Tandis_que de les soldats de moments en moments Vont arracher
Britannicus, 47	! Dans cette cour, Combien tout ce_qu'	on	dit est loin de_ce_qu'on pense ! Que la bouche et le
Britannicus, 47	Combien tout ce_qu'on dit est loin de_ce_qu'	on	pense ! Que la bouche et le coeur sont peu_d'intelligence !
Britannicus, 49	coeur sont peu_d'intelligence ! Avec combien_de joie	on	y trahit sa foi ! Quel séjour étranger et pour vous et
Britannicus, 90	Adieu. JUNIE. Prince... BRITANNICUS.	On	m'attend, Madame, il faut partir. JUNIE. Mais
Britannicus, 92	partir. JUNIE. Mais du_moins attendez qu'	on	vous vienne avertir. AGRIPPINE. Prince, que tardez -vous ?
Britannicus, 25	connaître Agrippine. Déjà, de ma faveur	on	adore le bruit. Cependant en ces lieux n'attendons pas la
Britannicus, 29	entends ? Quel tumulte confus ? Que peut	-on	faire ? JUNIE. Ô ciel ! Sauvez Britannicus. AGRIPPINE.
Britannicus, 10	Il se lève, il l'embrasse,	on	se tait, et soudain César prend le premier une coupe à
Britannicus, 16	dont je ne sois coupable. Et si	l'on	veut, Madame, écouter vos discours, Ma main de Claude
Britannicus, 7	rien qui l'arrête : Le coup qu'	on	m'a prédit va tomber sur ma tête. Il vous accablera
Britannicus, 16	tes neveux, qui te pût ressembler,	On	veut après sa mort que je lui sois parjure. Mais pour
Britannicus, 28	à le ciel leurs regards égarés. Et	l'on	craint, si la nuit jointe à la solitude Vient de son
Esther, 14	a -il conduit ce grand événement ? ESTHER_Peut-être	on	t'a conté la fameuse disgrâce De l'altière Vasthi, dont
Esther, 21	briguèrent le sceptre offert à la beauté.	On	m'élevait alors solitaire, et cachée, Sous les yeux vigilants
Esther, 34	le ciel j'offrais le sacrifice. Enfin	on	m'annonça l'ordre d'Assuérus. Devant ce fier monarque,
Esther, 70	mon pays m'offrir en sacrifice. Qu'	on	s'éloigne un moment. Le choeur se retire vers le fond
Esther, 9	. Mais c'est peu_d'être esclave,	on	la veut égorger. Nos superbes vainqueurs insultant à nos larmes,
Esther, 20	UNE_ISRAÈLITE, seule. Quel carnage de_toutes_parts !	On	égorge à_la_fois les enfants, les vieillards ; Et la soeur,
Esther, 30	, non, il ne souffrira pas Qu'	on	égorge ainsi l'innocence. UNE_ISRAÈLITE, seule. Hé quoi !
Esther, 38	, non, il ne souffrira pas Qu'	on	égorge ainsi l'innocence. DEUX_ISRAELITES_Ô_Dieu, que la gloire couronne !
Esther, 4	oses -tu m'introduire ? HYDASPE_Vous savez qu'	on	s'en peut reposer sur ma foi, Que ces portes,
Esther, 6	qu'à moi. Venez. Partout ailleurs	on	pourrait nous entendre. AMAN_Quel est donc le secret que tu me
Esther, 18	de fidèles mains chaque jour sont tracés.	On	y conserve écrits le service et l'offense, Monuments éternels d'
Esther, 67	les châtiments dont l'univers frémisse ; Qu'	on	tremble, en comparant l'offense et le supplice ; Que les
Esther, 68	le sang soient noyés. Je veux qu'	on	dise un jour à les siècles effrayés : Il fut de les
Esther, 81	de tous les_autres dieux. Jusqu'à quand souffre	-on	que ce peuple respire, Et d'un culte profane infecte votre
Esther, 85	grossissez vos trésors. Je dis, et	l'on	me crut. Le roi dès l'heure même Mit dans ma
Esther, 2	dans son lit assassinaient leur roi ? Qu'	on	me laisse, et qu'Asaph seul demeure avec moi. ASSUERUS
Esther, 12	prononcer. Et quel autre que toi peut	-on	récompenser ? ASSUERUS_Que penses -tu ? AMAN_Seigneur, je cherche, j'
Esther, 5	avec éclat Combien_Assuérus redoute d'être ingrat.	On	verra l'innocent discerné de le coupable. Je n'en perdrai
Esther, 2	Israélites soutiennent sa robe. ASSUERUS_Sans mon ordre	on	porte ici ses pas ? Quel mortel insolent vient chercher le trépas
Esther, 52	ceux de sa suite. Vous, que	l'on	cherche Aman, et qu'on lui fasse entendre, Qu'invité
Esther, 52	, que l'on cherche Aman, et qu'	on	lui fasse entendre, Qu'invité chez la reine il ait soin
Esther, 39	genoux Devant une muette idole, Commandera qu'	on	nous immole. Chère soeur, que choisirez -vous ? LA_JEUNE_ISRAÈLITE_Moi !
Esther, 62	ce reste est chanté. LE_CHOEUR_Heureux, dit	-on	, le peuple florissant, Sur qui ces biens coulent en abondance
Esther, 96	de le bruit dans la chambre prochaine.	On	nous appelle, allons rejoindre notre reine. Le théâtre représente les
Esther, 9	-vous pas son oreille et son coeur ?	On	a payé le zèle, on punira le crime, Et l'on
Esther, 9	coeur ? On a payé le zèle,	on	punira le crime, Et l'on vous a, Seigneur, orné
Esther, 9	zèle, on punira le crime, Et	l'on	vous a, Seigneur, orné votre victime. Je me trompe
Esther, 17	avec horreur dès longtemps les endure ; Et	l'on	n'en peut trop tôt délivrer la nature. Ah ! je
Esther, 22	. Entrez, et recevez l'honneur qu'	on	vous apprête. Ceci se récite sans chant. UNE_DES_ISRAÉLITES_C'est Aman
Esther, 19	la douleur qui vous presse, Chantons,	on	nous l'ordonne. Et que puissent nos chants Du coeur d'
Esther, 22	Craint dans tout l'univers, veut encore_qu'	on	l'aime ! Heureux le peuple ! Heureux le roi lui-même !
Esther, 36	Il entend les soupirs de l'humble qu'	on	outrage, Juge tous les mortels avec d'égales lois, Et
Esther, 46	.   » Partout de le nouveau prince	on	vantait la clémence. Les Juifs partout de joie en poussèrent de
Esther, 48	poussèrent de les cris. Ciel ! verra	-on	toujours par de cruels esprits, Des princes les plus doux l'
Esther, 60	, De meurtres remplira l'univers étonné.	On	verra sous le nom de le plus juste de les princes,
Esther, 63	guerre intestine avons -nous allumée ? Les a	-on	vu marcher parmi vos ennemis ? Fut -il jamais à le joug
Esther, 7	encore interdit. Je sais par quels ressorts	on	le pousse, on l'arrête, Et fais, comme il
Esther, 7	sais par quels ressorts on le pousse,	on	l'arrête, Et fais, comme il me plaît, le
Esther, 18	un Dieu redoutable. Mais veut -il que	l'on	garde une haine implacable ? C'en est fait. Mon orgueil
Esther, 9	l'égal de les Persans je veux qu'	on	les honore, Et que tout tremble à le nom de le
Esther, 3	Par le peuple en fureur à_moitié déchiré.	On	traîne, on va donner en spectacle funeste De son corps tout
Esther, 3	en fureur à_moitié déchiré. On traîne,	on	va donner en spectacle funeste De son corps tout sanglant le misérable
Esther, 71	. Que son nom soit chanté. Que	l'on	célèbre ses ouvrages, Au_delà de les temps et de les âges
Iphigénie, 28	Clystemnestre, ou_bien Iphigénie ? Qu'est ce_qu'	on	vous écrit ? Daignez m'en avertir. AGAMEMNON. Non,
Iphigénie, 42	fit tourner les yeux Vers la divinité qu'	on	adore en ces lieux. Suivi_de_Ménélas, de Nestor, et d'
Iphigénie, 92	de Lesbos, Et qu'auprès_de ma fille	on	garde dans Argos. C'est leur en dire assez. Le
Iphigénie, 96	nous frappe et nous éclaire. Déjà même	l'on	entre, et j'entends quelque bruit. C'est Achille.
Iphigénie, 13	de les mortels suis -je le_plus heureux ?	On	dit qu'Iphigénie en ces lieux amenée Doit bientôt à son sort
Iphigénie, 15	. Ma fille ! qui vous dit qu'	on	la doit amener ? ACHILLE. Seigneur, qu'a donc ce
Iphigénie, 55	vous. Que sert de se flatter ?	On	sait qu'à votre tête Les dieux ont d'Ilion attaché la
Iphigénie, 56	ont d'Ilion attaché la conquête. Mais	on	sait que pour prix d'un triomphe si beau Ils ont à
Iphigénie, 74	son lit. Je puis choisir, dit	-on	, ou beaucoup_d'ans, sans gloire, Ou peu_de jours suivis
Iphigénie, 84	, et j'y cours. Et quoi_qu'	on	me prédise, Je ne demande à les dieux, qu'un
Iphigénie, 88	surtout de vous abandonner Aux timides conseils qu'	on	ose vous donner. ULYSSE. Seigneur, vous entendez. Quelque
Iphigénie, 21	son père ? De quelque heureux époux que	l'on	dût faire choix, Nous jurâmes dès_lors de défendre ses droits ;
Iphigénie, 29	si ma fille vient, je consens qu'	on	l'immole ; Mais malgré tous mes soins si son heureux destin
Iphigénie, 4	Seigneur... AGAMEMNON. Ah ! Que vient	-on	me dire ? EURYBATE. La reine, dont ma course a
Iphigénie, 58	et sourds. IPHIGÉNIE. Calchas, dit	-on	, prépare un pompeux sacrifice. AGAMEMNON. Puissé-je auparavant fléchir leur
Iphigénie, 62	fléchir leur injustice ! IPHIGÉNIE. L'offrira	-on	bientôt ? AGAMEMNON. Plus tôt que je ne veux. IPHIGÉNIE
Iphigénie, 67	de me joindre à vos voeux ? Verra	-on	à l'autel votre heureuse famille ? AGAMEMNON. Hélas ! IPHIGÉNIE
Iphigénie, 28	injustes alarmes. C'est à moi que	l'on	doit le secours de ses armes. Il n'était point à
Iphigénie, 7	de pensée, Et refusant l'honneur qu'	on	lui veut accorder, Jusques à son retour il veut le retarder
Iphigénie, 13	Dément le sang de les dieux, dont	on	le fait sortir, Ma fille, c'est à nous de
Iphigénie, 21	retraite vous livre. De vos desseins secrets	on	est trop éclairci, Et ce n'est pas Calchas que vous
Iphigénie, 12	sans moi demeurer à Mycènes. Me verra	-on	sans vous partir avec la reine ? ERIPHILE. Je voulais voir
Iphigénie, 41	que sans m'avertir de le piège qu'	on	me dresse Vous me laissiez chercher jusqu'à le fond de la Grèce_L'
Iphigénie, 44	noms qui doivent me surprendre, Madame.	On	ne m'a pas instruite à les entendre. Et les dieux
Iphigénie, 18	dans Argos je l'aurais devancée. Cependant	on	me fuit. Quel crime ai -je commis ? Mais je ne
Iphigénie, 3	me dois -je cacher ? Orgueilleuse rivale,	on	t'aime, et tu murmures ? Souffrirai -je à_la_fois ta gloire
Iphigénie, 8	Leur bonheur n'est pas encor tranquille.	On	trompe Iphigénie. On se cache d'Achille. Agamemnon gémit.
Iphigénie, 9	pas encor tranquille. On trompe Iphigénie.	On	se cache d'Achille. Agamemnon gémit. Ne désespérons point ;
Iphigénie, 6	arrêter ? Il presse cet hymen, qu'	on	prétend qu'il diffère, Et vous cherche brûlant d'amour et
Iphigénie, 11	, c'est assez. Je consens qu'	on	le croie. Je reconnais l'erreur qui nous avait séduits,
Iphigénie, 3	demeure immobile. Est -ce à moi que	l'on	parle, et connaît -on Achille ? Une mère pour vous croit
Iphigénie, 3	à moi que l'on parle, et connaît	-on	Achille ? Une mère pour vous croit devoir me prier ; Une
Iphigénie, 5	d'injustes alarmes, Pour attendrir mon coeur	on	a recours à les larmes. Qui doit prendre à vos jours
Iphigénie, 7	plus_d'intérêt que moi ? Ah ! sans_doute	on	s'en peut reposer sur ma foi. L'outrage me regarde
Iphigénie, 9	. L'outrage me regarde. Et quoi_qu'	on	entreprenne, Je réponds d'une vie, où j'attache la
Iphigénie, 35	Il ne gémisse pas de le coup qu'	on	me prépare ? Quel père de son sang se plaît à se
Iphigénie, 44	repos est le seul qui vous presse ?	On	me ferme la bouche ? On l'excuse ? On le plaint
Iphigénie, 45	presse ? On me ferme la bouche ?	On	l'excuse ? On le plaint ? C'est pour lui que
Iphigénie, 46	ferme la bouche ? On l'excuse ?	On	le plaint ? C'est pour lui que l'on tremble, et
Iphigénie, 47	le plaint ? C'est pour lui que	l'on	tremble, et c'est moi que l'on craint ? Triste effet
Iphigénie, 47	l'on tremble, et c'est moi que	l'on	craint ? Triste effet de mes soins ! Est -ce donc là
Iphigénie, 23	mon père est jaloux de son autorité.	On	ne connaît que trop la fierté de les Atrides. Laissez parler
Iphigénie, 12	âge le_plus tendre, Et qui, si	l'on	nous fait un fidèle discours, Suça même le sang de les
Iphigénie, 20	quoi ! ne vois -tu pas tout ce_qu'	on	fait pour elle ? On supprime de les dieux la sentence mortelle
Iphigénie, 21	pas tout ce_qu'on fait pour elle ?	On	supprime de les dieux la sentence mortelle ; Et quoique le bûcher
Iphigénie, 25	? Quel courage endurci Soutiendrait les assauts qu'	on	lui prépare ici ? Une mère en fureur, les larmes d'
Iphigénie, 33	Et publier partout les complots criminels, Qu'	on	fait ici contre eux et contre leurs autels. DORIS. Ah
Iphigénie, 42	DORIS. J'entends de le bruit,	on	vient, Clystemnestre s'avance. Remettez -vous, Madame, ou
Iphigénie, 2	. Venez, venez, ma fille,	on	n'attend plus_que vous, Venez remercier un père qui vous aime
Iphigénie, 38	vous-même attesté. Cette nuit même encore (	on	a pu vous le dire) J'avais révoqué l'ordre où
Iphigénie, 38	dire) J'avais révoqué l'ordre où	l'on	me fit souscrire. Sur l'intérêt de les Grecs vous l'
Iphigénie, 69	altéré ? Si de le crime d'Hélène	on	punit sa famille, Faites chercher à Sparte_Hermione sa fille. Laissez
Iphigénie, 80	; Et loin de repousser le coup qu'	on	vous prépare, Vous voulez vous en faire un mérite barbare.
Iphigénie, 81	barbare. Trop jaloux d'un pouvoir qu'	on	peut vous envier De votre propre sang vous courez le payer,
Iphigénie, 88	parfumés Des fleurs, dont sous ses pas	on	les avait semés ? Non, je ne l'aurai point amenée
Iphigénie, 3	ai jugé trop peu digne de foi.	On	dit, et sans horreur je ne puis le redire, Qu'
Iphigénie, 5	allez à Calchas livrer de votre main.	On	dit que sous mon nom à l'autel appelée, Je ne
Iphigénie, 18	ciel ! le puis -je croire ? Qu'	on	ose de les fureurs avouer la plus noire ? Vous pensez qu'
Iphigénie, 32	, elle n'est plus à vous.	On	ne m'abuse point par de les promesses vaines. Tant_qu'un
Iphigénie, 47	langage ? Est -ce ainsi_qu'à le parjure	on	ajoute l'outrage ? Moi, je voulais partir aux_dépens_de ses jours
Iphigénie, 59	Hélène à son époux ? Depuis quand pense	-on	qu'inutile à moi-même Je me laisse ravir une épouse que j'
Iphigénie, 4	la colère. Pour ce sang malheureux qu'	on	veut leur dérober, Regarde quel orage est tout prêt à tomber
Iphigénie, 2	, et je ne prétends pas... Mais	on	se jette en foule au_devant_de mes pas. Perfides, contentez votre
Iphigénie, 9	. Le fatal sacrifice est encor suspendu.	On	se menace, on court, l'air gémit, le fer
Iphigénie, 9	est encor suspendu. On se menace,	on	court, l'air gémit, le fer brille. Achille fait
Iphigénie, 23	-il dit, et vous Grecs, qu'	on	m'écoute. Le dieu, qui maintenant vous parle par ma
Iphigénie, 36	venue à les Grecs annoncer votre fuite.	On	admire en secret sa naissance, et son sort. Mais puisque
Mithridate, 2	XIPHARÈS.	On	nous faisait, Arbate, un fidèle rapport. Rome en_effet triomphe
Mithridate, 65	Ce n'est que par ma mort qu'	on	la peut obtenir. Voilà tous les secrets que je voulais t'
Mithridate, 71	partage et Colchos est le mien. Et	l'on	sait que toujours la Colchide et ses princes Ont compté ce Bosphore
Mithridate, 82	-je point à cette ardeur extrême ? Mais	on	vient. Cours, ami, c'est Monime, elle-même.
Mithridate, 13	à moi-même rendue Percer ce triste coeur qu'	on	veut tyranniser, Et dont jamais encor je n'ai pu disposer
Mithridate, 64	, Je prétends attenter à votre liberté !	On	vient, Madame, on vient... Expliquez -vous de grâce.
Mithridate, 64	votre liberté ! On vient, Madame,	on	vient... Expliquez -vous de grâce. Un mot. MONIME.
Mithridate, 45	qu'il l'ignorât encore. PHOEDIME.	On	vient. Que faites -vous, Madame ? MONIME. Je ne
Mithridate, 66	. Arbate, c'est assez, qu'	on	me laisse avec elle. MITHRIDATE. Madame, enfin le ciel
Mithridate, 33	que vous ne pensez. Je vois qu'	on	m'a dit_vrai. Ma juste jalousie Par vos propres discours est
Mithridate, 12	je me voie enchaînée ? Il faut qu'	on	joigne encor l'outrage à mes douleurs. À l'amour de
Mithridate, 13	mes douleurs. À l'amour de Pharnace	on	impute mes pleurs. Malgré toute ma haine on veut qu'il
Mithridate, 14	impute mes pleurs. Malgré toute ma haine	on	veut qu'il m'ait su plaire. Je le pardonne à
Mithridate, 95	Malheureux_Xipharès, quel parti dois -tu prendre ?	On	t'aime, on te bannit, toi-même tu vois bien_Que ton
Mithridate, 95	dois -tu prendre ? On t'aime,	on	te bannit, toi-même tu vois bien_Que ton propre devoir s'accorde
Mithridate, 7	me cacher J'attende en ces déserts qu'	on	me vienne chercher. La guerre a ses faveurs, ainsi_que ses
Mithridate, 41	, croyons -en ce grand homme, Jamais	on	ne vaincra les Romains que dans Rome. Noyons -la dans son
Mithridate, 74	voie ? Jetons -nous dans les bras qu'	on	nous tend avec joie. Rome en votre faveur facile à s'
Mithridate, 109	, à m'obéir, Prince, qu'	on	se prépare. Les vaisseaux sont tout prêts. J'ai moi-même
Mithridate, 121	que périr, Plus ardent qu'aucun autre	on	m'y verra courir. Combattant à vos yeux permettez que je
Mithridate, 3	. MITHRIDATE. Holà, gardes. Qu'	on	le saisisse. Oui, lui-même, Pharnace. Allez, et
Mithridate, 5	, et de_ce_pas Qu'enfermé dans la tour	on	ne le quitte pas. PHARNACE. Hé bien ! Sans me
Mithridate, 10	amour mérite votre haine. J'aime.	L'on	vous a fait un fidèle récit. Mais Xipharès, Seigneur,
Mithridate, 22	ce moment m'inspire un artifice. Qu'	on	appelle la reine. Oui sans aller_plus_loin, Je veux l'ouïr
Mithridate, 14	Quand je me fais justice il faut qu'	on	se la fasse. Je ne souffrirai point que ce fils odieux
Mithridate, 25	vous révolter ? Est -ce quelque mépris qu'	on	ne puisse dompter ? Je le répète encor. C'est un
Mithridate, 3	. Ils s'aiment. C'est ainsi_qu'	on	se jouait de nous. Ah fils ingrat ! Tu vas me
Mithridate, 27	est -ce là la conduite ? Et voit	-on	ses discours démentis par la suite ? MONIME. Pharnace cependant par
Mithridate, 12	vie. MONIME. Qu'entends -je ?	On	me disait... Hélas ! ils m'ont trahie. XIPHARÈS.
Mithridate, 21	, et les larmes à les yeux,	On	sait_tout, m'a -il dit, sauvez -vous de ces lieux
Mithridate, 88	venait vous surprendre ? Que dis -je ?	On	vient. Allez. Courez. Vivez enfin, Et du_moins attendez
Mithridate, 42	humains, Du jour que sur mon front	on	mit ce diadème, Je renonçai, Seigneur, à ce prince
Mithridate, 66	rebelle. Armez -vous de le pouvoir qu'	on	vous donna sur elle. J'attendrai mon arrêt, vous pouvez
Mithridate, 18	. Ah le traître ! Courez. Qu'	on	appelle son frère, Qu'il me suive, qu'il vienne
Mithridate, 22	, et courir vers le port. Et	l'on	dit que suivi d'un gros d'amis fidèles. On l'
Mithridate, 23	suivi d'un gros d'amis fidèles.	On	l'a vu se mêler à le milieu de les rebelles.
Mithridate, 15	le parti d'un camp séditieux ; Maintenant	on	vous dit que ces mêmes rebelles Ont tourné contre lui leurs armes
Mithridate, 43	front t'attacha la première. PHOEDIME.	On	vient, Madame, on vient. Et j'espère qu'Arcas_Pour
Mithridate, 43	. PHOEDIME. On vient, Madame,	on	vient. Et j'espère qu'Arcas_Pour bannir vos frayeurs porte vers
Mithridate, 5	tout ce qui se passe, Madame.	On	m'a chargé d'un plus funeste emploi, Et ce poison
Mithridate, 18	me pleurer, Quand d'un titre funeste	on	me vint honorer, Et lorsque m'arrachant de le doux sein
Mithridate, 18	doux sein de la Grèce_Dans ce climat barbare	on	traîna ta maîtresse. Retourne maintenant chez ces peuples heureux ; Et
Mithridate, 3	quoi m'exposez -vous ? Est -ce qu'	on	croit encor mon supplice trop doux ? Et le roi m'enviant
Mithridate, 46	roi l'allait jeter sans vie. Mais	on	court, on s'oppose à son emportement. Le roi m'
Mithridate, 46	jeter sans vie. Mais on court,	on	s'oppose à son emportement. Le roi m'a regardé dans
Phèdre, 9	Thésée à les peuples de ces bords Où	l'on	voit l'Achéron se perdre chez les Morts. J'ai visité
Phèdre, 12	roi votre père Veut que de son absence	on	sache le mystère ? Et si lorsque avec vous nous tremblons pour
Phèdre, 70	croirez -vous toujours un farouche scrupule ? Craint	-on	de s'égarer sur les traces d'Hercule ? Quels courages Vénus
Phèdre, 75	, tout change. Et depuis quelques jours	On	vous voit moins souvent, orgueilleux, et sauvage, Tantôt faire
Phèdre, 17	conspire à me nuire. OENONE. Comme	on	voit tous ses voeux l'un l'autre se détruire ! Vous-même
Phèdre, 14	de l'Étrangère ose donner sa voix.	On	dit même qu'à le trône une brigue insolente Veut placer Aricie
Phèdre, 16	Hippolyte est tout prêt à partir, Et	l'on	craint, s'il paraît dans ce nouvel orage, Qu'il
Phèdre, 25	entraîner. Vivons, si vers la vie	on	peut me ramener, Et si l'amour d'un fils en
Phèdre, 16	mânes de vos frères. ARICIE. Dit	-on	quelle aventure a terminé ses jours ? ISMÈNE. On sème de
Phèdre, 18	aventure a terminé ses jours ? ISMÈNE.	On	sème de sa mort d'incroyables discours. On dit que ravisseur
Phèdre, 19	sème de sa mort d'incroyables discours.	On	dit que ravisseur d'une amante nouvelle Les flots ont englouti cet
Phèdre, 20	Les flots ont englouti cet époux infidèle.	On	dit même, et ce bruit est partout répandu, Qu'avec
Phèdre, 20	séjour, Et repasser les bords, qu'	on	passe sans retour. ARICIE. Croirai -je qu'un mortel avant
Phèdre, 38	. Je sais de ses froideurs tout ce_que	l'on	récite. Mais j'ai vu près_de vous ce superbe Hippolyte.
Phèdre, 53	tous les Grecs de soupirer pour moi.	On	craint que de la soeur les flammes téméraires Ne raniment un jour
Phèdre, 66	, hélas ! Quelle est mon imprudence !	On	ne m'opposera que trop de résistance. Tu m'entendras peut-être
Phèdre, 44	haïr, Madame ? Avec quelques couleurs qu'	on	ait peint ma fierté, Croit-on que dans ses flancs un monstre
Phèdre, 7	THÉRAMÈNE. J'ignore sa pensée, Mais	on	vous est venu demander de sa part. Phèdre veut vous parler
Phèdre, 8	n'espère qu'en vous. PHÈDRE.	On	dit qu'un prompt départ vous éloigne de nous, Seigneur.
Phèdre, 24	ai même défendu par une expresse loi Qu'	on	osât prononcer votre nom devant moi. Si pourtant à l'offense
Phèdre, 25	devant moi. Si pourtant à l'offense	on	mesure la peine, Si la haine peut seule attirer votre haine
Phèdre, 41	en_vain imploré par mon père. PHÈDRE.	On	ne voit point deux fois le rivage de les morts, Seigneur
Phèdre, 53	tous les coeurs après soi, Tel qu'	on	dépeint nos Dieux, ou tel que je vous vois. Il
Phèdre, 115	-vous, Madame ? Justes dieux ! Mais	on	vient. Évitez de les témoins odieux, Venez, rentrez,
Phèdre, 2	Est -ce Phèdre qui fuit, ou plutôt_qu'	on	entraîne ? Pourquoi, Seigneur, pourquoi ces marques de douleur ?
Phèdre, 24	bruit sourd veut que le Roi respire.	On	prétend que Thésée a paru dans l'Épire. Mais moi qui
Phèdre, 3	le porter. PHÈDRE. Ah ! Que	l'on	porte ailleurs les honneurs qu'on m'envoie. Importune, peux
Phèdre, 3	! Que l'on porte ailleurs les honneurs qu'	on	m'envoie. Importune, peux -tu souhaiter qu'on me voie
Phèdre, 4	envoie. Importune, peux -tu souhaiter qu'	on	me voie ? De quoi viens -tu flatter mon esprit désolé ?
Phèdre, 8	se répandre. J'ai dit ce_que jamais	on	ne devait entendre. Ciel ! Comme il m'écoutait ! Par
Phèdre, 12	tu reviens sur tes pas, Oenone ?	On	me déteste, on ne t'écoute pas. OENONE. Il
Phèdre, 12	pas, Oenone ? On me déteste,	on	ne t'écoute pas. OENONE. Il faut d'un vain
Phèdre, 4	votre vertu passée. Le roi, qu'	on	a cru mort, va paraître à vos yeux, Thésée est
Phèdre, 49	-vous déposer ? C'en est fait.	On	dira que Phèdre trop coupable, De son époux trahi fuit l'
Phèdre, 81	faut immoler tout, et_même la vertu.	On	vient, je vois Thésée. PHÈDRE. Ah ! Je vois
Phèdre, 2	THÉSÉE. Quel est l'étrange accueil qu'	on	fait à votre père, Mon fils ? HIPPOLYTE. Phèdre peut
Phèdre, 7	vertu le sacré caractère ? Et ne devrait	-on	pas à de les signes certains Reconnaître le coeur de les perfides
Phèdre, 43	le crime a ses degrés. Et jamais	on	n'a vu la timide innocence Passer subitement à l'extrême licence
Phèdre, 48	fait éclater La haine de les forfaits qu'	on	ose m'imputer. C'est par là qu'Hippolyte est connu
Phèdre, 51	poussé la vertu jusques à la rudesse.	On	sait de mes chagrins l'inflexible rigueur. Le jour n'est
Phèdre, 52	que le fond de mon coeur, Et	l'on	veut qu'Hippolyte épris d'un feu profane... THÉSÉE. Oui
Phèdre, 15	en puis douter. Ce farouche ennemi qu'	on	ne pouvait dompter, Qu'offensait le respect, qu'importunait la
Phèdre, 31	ne pouvais -tu m'instruire ? Les a	-on	vus souvent se parler, se chercher ? Dans le fond de
Phèdre, 77	l'urne fatale. Le sort, dit	-on	, l'a mise en ses sévères mains. Minos juge à
Phèdre, 95	oeil une excusable erreur. Vous aimez.	On	ne peut vaincre sa destinée. Par un charme fatal vous fûtes
Phèdre, 105	. Qu'entends -je ? Quels conseils ose	-on	me donner ? Ainsi donc jusqu'à le bout tu veux m'empoisonner
Phèdre, 63	. Nous prendrons à témoin le Dieu qu'	on	y révère. Nous le prierons tous deux de nous servir de
Phèdre, 7	la profonde mer Oenone s'est lancée.	On	ne sait point d'où part ce dessein furieux. Et les
Phèdre, 23	morte, et Phèdre veut mourir ? Qu'	on	rappelle mon fils. Qu'il vienne se défendre, Qu'il
Phèdre, 26	les rênes. Ses superbes coursiers, qu'	on	voyait autrefois Pleins d'une ardeur si noble obéir à sa voix
Phèdre, 44	rougissent le mors d'une sanglante écume.	On	dit qu'on a vu même en ce désordre affreux Un dieu
Phèdre, 44	d'une sanglante écume. On dit qu'	on	a vu même en ce désordre affreux Un dieu, qui d'
Thébaïde, 14	Olympe, ils se vont égorger. Que	l'on	coure avertir et hâter la princesse, Je l'attends. Juste
Thébaïde, 4	misères ? ANTIGONE. Oui, Madame,	on	m'a dit la fureur de mes frères. JOCASTE. Allons
Thébaïde, 56	ne suis pas un tyran odieux, Que	l'on	fasse parler et le peuple et les Dieux. Si le peuple
Thébaïde, 11	c'est les perdre tous deux. Peut	-on	faire à le vainqueur une injure plus noire, Que lui laisser
Thébaïde, 20	JOCASTE. Ils régneront aussi. CRÉON.	On	ne partage point la grandeur souveraine ; Et ce n'est pas
Thébaïde, 20	; Et ce n'est pas un bien_qu'	on	quitte et qu'on reprenne. JOCASTE. L'intérêt de l'
Thébaïde, 20	est pas un bien_qu'on quitte et qu'	on	reprenne. JOCASTE. L'intérêt de l'État leur servira de
Thébaïde, 28	de l'État. Ce terme limité que	l'on	veut leur prescrire, Accroît leur violence en bornant leur empire.
Thébaïde, 32	horribles dégâts signalent leur passage. JOCASTE.	On	les verrait plutôt par de nobles projets, Se disputer tous deux
Thébaïde, 43	songez -vous que vous avez un fils.	On	sait de quelle ardeur Hémon sert Polynice. CRÉON. Oui,
Thébaïde, 63	rebelle. ANTIGONE. L'innocence vaut bien_que	l'on	parle pour elle. CRÉON. Je sais ce qui le rend
Thébaïde, 17	d'adorer tant_de divins appas ! Mais_aussi que	l'on	souffre en ne les voyant pas ! Un moment loin de vous
Thébaïde, 31	aujourd'hui, Et je prenais pour moi ce_qu'	on	faisait pour lui. Nous nous aimions tous deux dès la plus
Thébaïde, 37	Lorsque pour remonter à le trône paternel,	On	le força de prendre un chemin si cruel. Espérons que le
Thébaïde, 8	! ANTIGONE. Quoi ? Qu'en a	-on	appris ? Est -ce la guerre, Olympe ? OLYMPE. Ah
Thébaïde, 33	dernier de les humains. HÉMON. Peut	-on	se repentir d'un si grand avantage ? Un si noble trépas
Thébaïde, 34	être issu, Dût-on rendre ce sang sitôt_qu'	on	l'a reçu. ANTIGONE. Et quoi si parmi nous on
Thébaïde, 36	. ANTIGONE. Et quoi si parmi nous	on	a fait quelque offense, Le ciel doit -il sur vous en
Thébaïde, 13	maître ? Sitôt_qu'il hait un roi doit	-on	cesser de l'être ? Sa haine ou son amour sont -ce
Thébaïde, 24	. POLYNICE. C'est un tyran qu'	on	aime, Qui par cent lâchetés tâche à se maintenir Au rang
Thébaïde, 27	. Ce n'est pas sans sujet qu'	on	me préfère un traître. Le peuple aime un esclave, et
Thébaïde, 53	plus longtemps. Seulement quelques jours souffrez que	l'on	vous voie, Et donnez -nous le temps de chercher quelque voie
Thébaïde, 2	est toute émue. UN_SOLDAT. Seigneur,	on	est à les mains, et la trêve est rompue, Créon
Thébaïde, 4	rien n'a pu toucher l'_un_ou_l'_autre parti ;	On	dit qu'à ce dessein Ménécée est sorti. OLYMPE. Je
Thébaïde, 13	l'état où je suis, Si toutefois	on	peut l'être avec tant_d'ennuis. JOCASTE, seule. Dureront
Thébaïde, 7	a soufferts, Égale tous les maux que	l'on	souffre à les Enfers : Et toutefois, ô Dieux, un
Thébaïde, 2	. Mon fils, c'est donc ainsi_que	l'on	garde sa foi ? ÉTÉOCLE. Madame, ce combat n'est
Thébaïde, 22	, hé bien_qu'il vienne, et qu'	on	lui donne Toutes les sûretés qu'il faut pour sa personne.
Thébaïde, 30	soldat, tout le camp se soulève,	On	se bat, et voilà qu'un fils désespéré, Meurt et
Thébaïde, 34	courtes haines, Mais quand de la nature	on	a brisé les chaînes, Cher_Attale, il n'est rien qui
Thébaïde, 35	si forts n'ont pas su retenir.	L'on	hait avec excès lorsque l'on hait un frère. Mais leur éloignement
Thébaïde, 35	su retenir. L'on hait avec excès lorsque	l'on	hait un frère. Mais leur éloignement ralentit leur colère. Quelque
Thébaïde, 37	éloignement ralentit leur colère. Quelque haine qu'	on	ait contre un fier ennemi, Quand il est loin de nous
Thébaïde, 37	ennemi, Quand il est loin de nous	on	la perd à_demi. Ne t'étonne donc plus si je veux
Thébaïde, 40	, Seigneur, à craindre que vous-même,	On	porte ses remords avec le diadème. CRÉON. Quand on est
Thébaïde, 42	remords avec le diadème. CRÉON. Quand	on	est sur le trône on a bien d'autres soins, Et
Thébaïde, 42	CRÉON. Quand on est sur le trône	on	a bien d'autres soins, Et les remords sont ceux qui
Thébaïde, 45	coûtent quelques efforts, Mais, Attale,	on	commet les seconds sans remords. ÉTÉOCLE. Oui, Créon,
Thébaïde, 2	je répondrais bien, Que par cette entrevue	on	n'avancera rien. Je connais Polynice et son humeur altière,
Thébaïde, 3	toute entière, Je ne crois pas qu'	on	puisse en arrêter le cours, Et pour moi je sens bien_que
Thébaïde, 13	nous suivront peut-être encor dans le tombeau.	On	dirait que le ciel par un arrêt funeste, Voulut de nos
Thébaïde, 20	, et veut toujours régner ; Et qu'	on	peut bien le vaincre et non pas le gagner. CRÉON.
Thébaïde, 24	les armes, Et si je demandais qu'	on	en rompît le cours, Je demande encor plus_que vous régniez toujours
Thébaïde, 25	faut avec la paix recevoir Polynice, Qu'	on	ne nous vienne plus vanter un bien si doux. La guerre
Thébaïde, 10	. Cette approche excite mon courroux. Qu'	on	hait un ennemi quand il est près_de nous ! CRÉON. Ah
Thébaïde, 20	Quoi faut -il davantage expliquer mes pensées ?	On	les peut découvrir par les choses passées : La guerre, les
Thébaïde, 35	! mes fils, est -ce là comme	on	parle de paix ? Quittez à le nom de les Dieux,
Thébaïde, 57	roi. Dieux ! si devenant grand souvent	on	devient pire, Si la vertu se perd quand on gagne l'
Thébaïde, 57	pire, Si la vertu se perd quand	on	gagne l'empire, Lorsque vous régnerez que serez -vous hélas !
Thébaïde, 60	POLYNICE. Ah ! si je suis cruel	on	me force de l'être, Et de mes actions je ne
Thébaïde, 89	de régner. Polynice, est -ce ainsi_que	l'on	traite une mère ? POLYNICE. J'épargne mon pays. JOCASTE
Thébaïde, 109	trône qui m'est dû faut -il que	l'on	me chasse, Et d'un prince étranger que je brigue la
Thébaïde, 112	je dois le jour. JOCASTE. Qu'	on	le tienne, mon fils, d'un beau-père ou d'un
Thébaïde, 118	donc fermé ? Je ne régnerais pas si	l'on	ne m'eût aimé ? Je veux m'ouvrir le trône ou
Thébaïde, 150	que trop lorsqu'ils firent ce choix, Qu'	on	veut régner toujours quand on règne une fois. Jamais dessus le
Thébaïde, 150	choix, Qu'on veut régner toujours quand	on	règne une fois. Jamais dessus le trône on ne vit plus_d'_un
Thébaïde, 151	règne une fois. Jamais dessus le trône	on	ne vit plus_d'_un maître, Il n'en peut tenir deux,
Thébaïde, 151	verrait renversé, Et d'un autre soi-même	on	y serait pressé. Jugez donc par l'horreur que ce méchant
Thébaïde, 177	Mes frères, arrêtez ! Gardes, qu'	on	les retienne, Joignez, unissez tous vos douleurs à la mienne
Thébaïde, 183	si vous m'aimez encore, Et qu'	on	puisse arrêter leurs parricides mains, Hélas ! pour me sauver,
Thébaïde, 13	abandonner le jour ! Mais hélas ! qu'	on	tient à la vie, Quand on tient si fort à l'
Thébaïde, 13	qu'on tient à la vie, Quand	on	tient si fort à l'amour. Oui tu retiens, amour
Thébaïde, 6	Madame, et son frère est vainqueur.	On	parle aussi d'Hémon, l'on dit que son courage S'est
Thébaïde, 6	vainqueur. On parle aussi d'Hémon,	l'on	dit que son courage S'est efforcé longtemps de suspendre leur rage
Thébaïde, 13	morts. Infortunés tous deux, dignes qu'	on	vous déplore ! Moins malheureux pourtant que je ne suis encore,
Thébaïde, 66	Madame, il garde sa colère ; Et	l'on	dirait qu'encore il menace son frère. Son visage où la
Thébaïde, 94	destin je me connais indigne. Mais si	l'on	peut prétendre à cette gloire insigne, Si par d'illustres faits
Thébaïde, 94	gloire insigne, Si par d'illustres faits	on	la peut mériter, Que faut -il faire enfin, Madame ?
